drug_id,Name,Synonyms,Targets,Target pathway,PubCHEM,Sample Size,Count
"1242","(5Z)-7-Oxozeaenol","5Z-7-Oxozeaenol, LL-Z1640-2","TAK1","Other, kinases","9863776","GDSC1","912","SANGER","495"
"179","5-Fluorouracil","5-FU","Antimetabolite (DNA & RNA)","Other","3385","GDSC1","913","MGH","495"
"1073","5-Fluorouracil","5-FU","Antimetabolite (DNA & RNA)","Other","3385","GDSC2","806","SANGER","495"
"86","A-443654","KIN001-139","AKT1, AKT2, AKT3","PI3K/MTOR signaling","10172943","GDSC1","399","MGH","495"
"55","A-770041","KIN001-111","LCK, FYN","Other, kinases","9549184","GDSC1","399","MGH","495"
"477","A-83-01","","TGFB","Other","","GDSC1","911","MGH","495"
"1910","ABT737","","BCL2, BCL-XL,  BCL-W, BCL-B, BFL1","Apoptosis regulation","11228183","GDSC2","751","SANGER","495"
"264","ACY-1215","","HDAC6","Chromatin histone acetylation","","GDSC1","923","MGH","495"
"1913","AGI-5198","IDH-C35","IDH1 (R132H)","Metabolism","56645356","GDSC2","752","SANGER","495"
"562","AGI-6780","","IDH2(R140Q)","Metabolism","","GDSC1","915","MGH","495"
"1634","AGI-6780","AK162157","IDH2 R140Q mutant","Metabolism","71299339","GDSC2","728","SANGER","495"
"1001","AICA Ribonucleotide","AICAR, N1-(b-D-Ribofuranosyl)-5-aminoimidazole-4-carboxamide","AMPK agonist","Metabolism","65110","GDSC1","939","SANGER","495"
"171","AKT inhibitor VIII","Akti-1/2, KIN001-102","AKT1, AKT2, AKT3","PI3K/MTOR signaling","10196499","GDSC1","884","MGH","495"
"228","AKT inhibitor VIII","Akti-1/2, KIN001-102","AKT1, AKT2, AKT3","PI3K/MTOR signaling","10196499","GDSC1","919","MGH","495"
"2045","AMG-319","AMG319","PI3K (beta sparing)","PI3K/MTOR signaling","68947304","GDSC2","747","SANGER","495"
"272","AR-42","HDAC-42, AR 42, AR42","HDAC1","Chromatin histone acetylation","6918848","GDSC1","905","MGH","495"
"474","ARRY-520","","KIF11","Mitosis","","GDSC1","905","MGH","495"
"207","AS601245","","JNK1, JNK2, JNK2","JNK and p38 signaling","10109823","GDSC1","877","MGH","495"
"224","AS605240","KIN001-173, AS-605240","PI3Kgamma","PI3K/MTOR signaling","5289247","GDSC1","915","MGH","495"
"381","AST-1306","","EGFR, ERBB4","RTK signaling","","GDSC1","910","MGH","495"
"219","AT-7519","AT7519","CDK1, CDK2, CDK4, CDK6, CDK9","Cell cycle","11338033","GDSC1","907","MGH","495"
"2170","AT13148","","AKT1","PI3K/MTOR signaling","","GDSC2","745","SANGER","495"
"356","AT7867","","AKT","PI3K/MTOR signaling","","GDSC1","925","MGH","495"
"2109","AZ6102","","TNKS1, TNKS2","WNT signaling","91663328","GDSC2","746","SANGER","495"
"29","AZ628","AZ-628, AZ 628","BRAF","ERK MAPK signaling","11676786","GDSC1","402","MGH","495"
"1250","AZ960","AZ 960, AZ-960","JAK2, JAK3","Other, kinases","25099184","GDSC2","725","SANGER","495"
"1915","AZD3759","","EGFR","EGFR signaling","78209992","GDSC2","760","SANGER","495"
"1786","AZD4547","1035270-39-3","FGFR1, FGFR2, FGFR3","RTK signaling","51039095","GDSC2","757","SANGER","495"
"1916","AZD5363","","AKT1, AKT2, AKT3, ROCK2","Other, kinases","25227436, 42602260","GDSC2","752","SANGER","495"
"1617","AZD5582","GTPL7710, AOB5560","XIAP, cIAP","Apoptosis regulation","49847690","GDSC2","716","SANGER","495"
"156","AZD6482","AZD 6482, AZD-6482, AK-55409","PI3Kbeta","PI3K/MTOR signaling","44137675","GDSC1","883","MGH","495"
"1066","AZD6482","AZD 6482, AZD-6482, AK-55409","PI3Kbeta","PI3K/MTOR signaling","44137675","GDSC1","916","SANGER","495"
"2169","AZD6482","AZD 6482, AZD-6482, AK-55409","PI3Kbeta","PI3K/MTOR signaling","44137675","GDSC2","48","SANGER","495"
"1917","AZD6738","AZD 6738, AZD-6738","ATR","Genome integrity","54761306","GDSC2","752","SANGER","495"
"1022","AZD7762","AZD-7762, AZD 7762","CHEK1, CHEK2","Cell cycle","11152667","GDSC1","945","SANGER","495"
"1022","AZD7762","AZD-7762, AZD 7762","CHEK1, CHEK2","Cell cycle","11152667","GDSC2","764","SANGER","495"
"1059","AZD8055","AZD-8055","MTORC1, MTORC2","PI3K/MTOR signaling","25262965","GDSC1","935","SANGER","495"
"1059","AZD8055","AZD-8055","MTORC1, MTORC2","PI3K/MTOR signaling","25262965","GDSC2","96","SANGER","495"
"1918","AZD8186","AZD 8186, AZD-8186","PI3Kalpha, PI3Kbeta","PI3K/MTOR signaling","52913813","GDSC2","752","SANGER","495"
"1804","Acetalax","Oxyphenisatin acetate","","Unclassified","","GDSC2","728","SANGER","495"
"1032","Afatinib","BIBW2992, Tovok, Gilotrif","ERBB2, EGFR","EGFR signaling","10184653","GDSC1","943","SANGER","495"
"1377","Afatinib","BIBW2992, Tovok, Gilotrif","ERBB2, EGFR","EGFR signaling","10184653","GDSC1","914","SANGER","495"
"1032","Afatinib","BIBW2992, Tovok, Gilotrif","ERBB2, EGFR","EGFR signaling","10184653","GDSC2","805","SANGER","495"
"1912","Afuresertib","GSK2110183, GSK2110183C","AKT1, AKT2, AKT3","PI3K/MTOR signaling","46843057","GDSC2","751","SANGER","495"
"281","Alectinib","CH5424802, CH 542802, Alecensa","ALK","RTK signaling","49806720","GDSC1","917","MGH","495"
"431","Alisertib","MLN8237","AURKA","Mitosis","","GDSC1","896","MGH","495"
"1051","Alisertib","MLN8237","AURKA","Mitosis","24771867","GDSC2","730","SANGER","495"
"1560","Alpelisib","BYL719, BYL-719, NVP-BYL719","PI3Kalpha","PI3K/MTOR signaling","56649450","GDSC2","804","SANGER","495"
"293","Amuvatinib","MP470, MP 470, MP-470","KIT, PDGFRA, FLT3","RTK signaling","11282283","GDSC1","912","MGH","495"
"382","Apitolisib","GDC0980","mTOR, PI3K","PI3K/MTOR signaling","","GDSC1","912","MGH","495"
"427","Ara-G","9-??-D-Arabinofuranosyl guanine","Anti-metabolite","Other","","GDSC1","912","MGH","495"
"205","Avagacestat","BMS-708163, BMS 708163","Amyloid beta20, Amyloid beta40","Other","46883536","GDSC1","920","MGH","495"
"1072","Avagacestat","BMS-708163, BMS 708163","Amyloid beta20, Amyloid beta40","Other","46883536","GDSC1","941","SANGER","495"
"1021","Axitinib","AG-13736, Inlyta","PDGFR, KIT, VEGFR","RTK signaling","6450551","GDSC1","941","SANGER","495"
"1021","Axitinib","AG-13736, Inlyta","PDGFR, KIT, VEGFR","RTK signaling","6450551","GDSC2","50","SANGER","495"
"552","BAM7","","Bax activator","Other","","GDSC1","914","MGH","495"
"178","BAY-61-3606","Syk Inhibitor, BAY-613606","SYK","Other, kinases","10200390","GDSC1","878","MGH","495"
"1866","BDP-00009066","","MRCKB_HUMAN","Cytoskeleton","","GDSC2","752","SANGER","495"
"60","BI-2536","","PLK1, PLK2, PLK3","Cell cycle","11364421","GDSC1","397","MGH","495"
"1086","BI-2536","","PLK1, PLK2, PLK3","Cell cycle","11364421","GDSC2","44","SANGER","495"
"380","BIBF-1120","","VEGFR, PDGFR, FGFR","RTK signaling","","GDSC1","924","MGH","495"
"2043","BIBR-1532","","TERT","Genome integrity","9927531","GDSC2","749","SANGER","495"
"279","BIX02189","BIX 02189","MEK5, ERK5","ERK MAPK signaling","46931012","GDSC1","917","MGH","495"
"203","BMS-345541","BMS345541, IKK Inhibitor 3","IKK1, IKK2","Other, kinases","9813758","GDSC1","922","MGH","495"
"1249","BMS-345541","","IKK-1, IKK-2","Other","9926054","GDSC2","728","SANGER","495"
"63","BMS-509744","KIN001-127, ITK inhibitor","ITK","Other, kinases","20635522","GDSC1","400","MGH","495"
"62","BMS-536924","BMS 536924","IGF1R, IR","IGF1R signaling","10390396","GDSC1","398","MGH","495"
"1091","BMS-536924","BMS 536924","IGF1R, IR","IGF1R signaling","10390396","GDSC1","922","SANGER","495"
"1091","BMS-536924","BMS 536924","IGF1R, IR","IGF1R signaling","10390396","GDSC2","752","SANGER","495"
"184","BMS-754807","BMS754807, BMS 754807","IGF1R, IR","RTK signaling","24785538","GDSC1","872","MGH","495"
"2171","BMS-754807","BMS-754807","IGF1R, IR","IGF1R signaling","","GDSC2","46","SANGER","495"
"1998","BPD-00008900","","","Other","","GDSC2","752","SANGER","495"
"222","BX-912","","PDK1 (PDPK1)","Metabolism","11754511","GDSC1","920","MGH","495"
"1037","BX795","BX-795","TBK1, PDK1 (PDPK1), IKK, AURKB, AURKC","Other, kinases","10077147","GDSC1","946","SANGER","495"
"274","Belinostat","PXD101, PXD-101","HDAC1","Chromatin histone acetylation","6918638","GDSC1","892","MGH","495"
"186","Bexarotene","LG-100069, Targretin, Targret, Targrexin, Targretyn, Bexarotenum","Retinioic X receptor (RXR) agonist","Other","82146","GDSC1","869","MGH","495"
"150","Bicalutamide","ICI-176334, Casodex, Cosudex, ICI 176334","AR","Hormone-related","2375","GDSC1","878","MGH","495"
"1502","Bicalutamide","ICI-176334, Casodex, Cosudex, ICI 176334","AR","Hormone-related","2375","GDSC1","875","SANGER","495"
"190","Bleomycin","","dsDNA break induction","DNA replication","several","GDSC1","862","MGH","495"
"1378","Bleomycin (50 uM)","","dsDNA break induction","DNA replication","5460769","GDSC1","933","SANGER","495"
"104","Bortezomib","PS-341, LDP-341, Velcade","Proteasome","Protein stability and degradation","387447","GDSC1","393","MGH","495"
"1191","Bortezomib","PS-341, LDP-341, Velcade","Proteasome","Protein stability and degradation","387447","GDSC2","756","SANGER","495"
"1019","Bosutinib","SKI-606, Bosulif","SRC, ABL, TEC","Other, kinases","5328940","GDSC1","946","SANGER","495"
"376","Brivanib, BMS-540215","","VEGFR, PDGFR","RTK signaling","","GDSC1","924","MGH","495"
"197","Bryostatin 1","Bryostatin","PKC","Other","5280757","GDSC1","874","MGH","495"
"1873","Buparlisib","BKM120, NVP-BKM120","PI3Kalpha, PI3Kdelta, PI3Kbeta, PI3Kgamma","PI3K/MTOR signaling","66577015, 16654980","GDSC2","752","SANGER","495"
"435","C-75","","FAS","Apoptosis regulation","","GDSC1","914","MGH","495"
"436","CAP-232, TT-232, TLN-232","","Glycolysis","Metabolism","","GDSC1","912","MGH","495"
"416","CAY10566","","Stearoyl-CoA desaturase","Other","","GDSC1","910","MGH","495"
"276","CAY10603","","HDAC1, HDAC6","Chromatin histone acetylation","24951314","GDSC1","909","MGH","495"
"1170","CCT-018159","CCT018159, CCT 018159","HSP90","Protein stability and degradation","5327091","GDSC1","935","SANGER","495"
"1067","CCT007093","","PPM1D","Cell cycle","2314623","GDSC1","936","SANGER","495"
"449","CD532","","AURKA","Mitosis","","GDSC1","926","MGH","495"
"54","CGP-082996","CINK4, KIN001-021","CDK4","Cell cycle","24825971","GDSC1","399","MGH","495"
"53","CGP-60474","KIN001-019, CGP60474, CGP 60474","CDK1,CDK2,CDK5,CDK7,CDK9, PKC","Cell cycle","644215","GDSC1","399","MGH","495"
"154","CHIR-99021","CT 99021, CHIR99021, CHIR 99021","GSK3A, GSK3B","WNT signaling","9956119","GDSC1","885","MGH","495"
"1241","CHIR-99021","CT 99021, CHIR99021, CHIR 99021","GSK3A, GSK3B","WNT signaling","9956119","GDSC1","911","SANGER","495"
"362","CI-1033","","EGFR, ERBB2, ERBB4","RTK signaling","","GDSC1","923","MGH","495"
"1015","CI-1040","CI 1040, PD-18435, PD-184352, 212631-79-3","MEK1, MEK2","ERK MAPK signaling","6918454","GDSC1","930","SANGER","495"
"64","CMK","KIN001-128","RSK2","Other, kinases","16663089","GDSC1","399","MGH","495"
"152","CP466722","CP-466722, CP 466722, 1080622-86-1","ATM","Genome integrity","44551660","GDSC1","921","MGH","495"
"255","CP724714","CP-724714","ERBB2","RTK signaling","9874913","GDSC1","920","MGH","495"
"415","CPI-613","","Metabo, Mitochondria","Other","","GDSC1","915","MGH","495"
"273","CUDC-101","CUDC 101","HDAC1-10, EGFR, ERBB2","Other","24756910","GDSC1","899","MGH","495"
"300","CX-5461","CX5461, CX 5461","RNA Polymerase 1","Other","25257557","GDSC1","912","MGH","495"
"1615","CZC24832","GTPL6653","PI3Kgamma","PI3K/MTOR signaling","42623951","GDSC2","728","SANGER","495"
"249","Cabozantinib","BMS-907351, XL-184, Cometriq","VEGFR, MET, RET, KIT, FLT1, FLT3, FLT4, TIE2,AXL","RTK signaling","25102847","GDSC1","917","MGH","495"
"1003","Camptothecin","Camptothecine, (+)-Camptothecin","TOP1","DNA replication","24360","GDSC2","808","SANGER","495"
"1807","Carmustine","","","DNA replication","","GDSC2","728","SANGER","495"
"1922","Cediranib","AZD2171, AZD 2171, AZD-2171, Recentin","VEGFR, FLT1, FLT2, FLT3, FLT4, KIT, PDGFRB","RTK signaling","9933475","GDSC2","752","SANGER","495"
"1114","Cetuximab","Erbitux, IMC-C225, C225, IMC-225, L01XC06","EGFR","EGFR signaling","85668777","GDSC1","873","SANGER","495"
"1005","Cisplatin","cis-Diammineplatinum(II) dichloride, Platinol, CIS-DDP","DNA crosslinker","DNA replication","84691","GDSC1","948","SANGER","495"
"1005","Cisplatin","cis-Diammineplatinum(II) dichloride, Platinol, CIS-DDP","DNA crosslinker","DNA replication","84691","GDSC2","768","SANGER","495"
"37","Crizotinib","Xalkori, PF2341066, PF-2341066, PF 2341066","MET, ALK, ROS1","RTK signaling","11626560","GDSC1","406","MGH","495"
"1083","Crizotinib","Xalkori, PF2341066, PF-2341066, PF 2341066","MET, ALK, ROS1","RTK signaling","11626560","GDSC2","737","SANGER","495"
"17","Cyclopamine","","SMO","Other","several","GDSC1","396","MGH","495"
"1512","Cyclophosphamide","Cytoxan, Neosar, Cyclophosphamid, Procytox, Cyclophosphane","Alkylating agent","DNA replication","2907","GDSC2","751","SANGER","495"
"1006","Cytarabine","Ara-Cytidine, Arabinosyl Cytosine, U-19920","Antimetabolite","Other","6253","GDSC1","937","SANGER","495"
"1006","Cytarabine","Ara-Cytidine, Arabinosyl Cytosine, U-19920","Antimetabolite","Other","6253","GDSC2","752","SANGER","495"
"165","DMOG","Dimethyloxalylglcine","HIF-PH","Metabolism","560326","GDSC1","883","MGH","495"
"1373","Dabrafenib","GSK2118436, Tafinlar","BRAF","ERK MAPK signaling","44462760","GDSC1","870","SANGER","495"
"1373","Dabrafenib","GSK2118436, Tafinlar","BRAF","ERK MAPK signaling","44462760","GDSC2","757","SANGER","495"
"200","Dacinostat","NVP-LAQ824, LAQ824","HDAC1","Chromatin histone acetylation","6445533","GDSC1","878","MGH","495"
"1811","Dactinomycin","Actinomycin D","","Other","","GDSC2","728","SANGER","495"
"1911","Dactinomycin","Actinomycin D, Cosmegen, Lyovac, Meractinomycin, Ac-De, ActD","RNA polymerase","Other","several","GDSC2","740","SANGER","495"
"1057","Dactolisib","NVP-BEZ235, BEZ235","PI3K (class 1), MTORC1, MTORC2","PI3K/MTOR signaling","11977753","GDSC1","932","SANGER","495"
"1057","Dactolisib","NVP-BEZ235, BEZ235","PI3K (class 1), MTORC1, MTORC2","PI3K/MTOR signaling","11977753","GDSC2","752","SANGER","495"
"1248","Daporinad","APO866,  FK866, FK866","NAMPT","Metabolism","6914657","GDSC1","890","SANGER","495"
"1248","Daporinad","APO866,  FK866, FK866","NAMPT","Metabolism","6914657","GDSC2","382","SANGER","495"
"51","Dasatinib","BMS-354825-03, BMS-354825, Sprycel","ABL, SRC, Ephrins, PDGFR, KIT","RTK signaling","3062316","GDSC1","394","MGH","495"
"1079","Dasatinib","BMS-354825-03, BMS-354825, Sprycel","ABL, SRC, Ephrins, PDGFR, KIT","Other, kinases","3062316","GDSC2","760","SANGER","495"
"1827","Dihydrorotenone","","","Unclassified","","GDSC2","726","SANGER","495"
"1180","Dinaciclib","SCH727965, SCH 727965, SCH-727-965, MK-7965","CDK1, CDK2, CDK5, CDK9","Cell cycle","46926350","GDSC2","727","SANGER","495"
"1007","Docetaxel","RP-56976, Taxotere","Microtubule stabiliser","Mitosis","148124","GDSC1","947","SANGER","495"
"1007","Docetaxel","RP-56976, Taxotere","Microtubule stabiliser","Mitosis","148124","GDSC2","766","SANGER","495"
"1819","Docetaxel","RP-56976, Taxotere","Microtubule stabiliser","Mitosis","","GDSC2","669","SANGER","495"
"1042","Doramapimod","BIRB-796, BIRB 796","p38, JNK2","JNK and p38 signaling","156422","GDSC1","927","SANGER","495"
"1042","Doramapimod","BIRB-796, BIRB 796","p38, JNK2","JNK and p38 signaling","156422","GDSC2","47","SANGER","495"
"133","Doxorubicin","Doxil, Rubex, Adriamycin, Adriablastin, Doxorubicine","Anthracycline","DNA replication","31703","GDSC1","877","MGH","495"
"1069","EHT-1864","EHT 1864","RAC1, RAC2, RAC3","Cytoskeleton","9938202","GDSC1","941","SANGER","495"
"1237","EPZ004777","EPZ-004777","DOT1L","Chromatin histone methylation","56962336","GDSC2","801","SANGER","495"
"1563","EPZ5676","EPZ-5676, Pinometostat","DOT1L","Chromatin histone methylation","57345410","GDSC2","801","SANGER","495"
"447","ETP-45835","","MNK1, MNK2","Other, kinases","","GDSC1","925","MGH","495"
"1835","Elephantin","","","Unclassified","","GDSC2","728","SANGER","495"
"1031","Elesclomol","STA-4783","HSP90","Protein stability and degradation","300471","GDSC1","934","SANGER","495"
"172","Embelin","Emberine, Embelic acid","XIAP","Apoptosis regulation","3218","GDSC1","880","MGH","495"
"88","Entinostat","MS-275","HDAC1, HDAC3","Chromatin histone acetylation","4261","GDSC1","395","MGH","495"
"1593","Entinostat","MS-275","HDAC1, HDAC3","Chromatin histone acetylation","4261","GDSC2","735","SANGER","495"
"1630","Entospletinib","GS-9973","SYK","Other, kinases","59473233","GDSC2","728","SANGER","495"
"229","Enzastaurin","LY317615","PKCB","Other, kinases","176167","GDSC1","918","MGH","495"
"1511","Epirubicin","Ellence, Farmorubicin, IMI-28","Anthracycline","DNA replication","41867","GDSC2","752","SANGER","495"
"201","Epothilone B","Patupilone, EpoB, EPO906, GNF-PF-193","Microtubule stabiliser","Mitosis","448013","GDSC1","875","MGH","495"
"1","Erlotinib","Tarceva, RG-1415, CP-358774, OSI-774, Ro-508231, R-1415","EGFR","EGFR signaling","176870","GDSC1","394","MGH","495"
"1168","Erlotinib","Tarceva, RG-1415, CP-358774, OSI-774, Ro-508231, R-1415","EGFR","EGFR signaling","176870","GDSC2","752","SANGER","495"
"134","Etoposide","Etopophos, Vepesid, Eposin, VP-16","TOP2","DNA replication","36462","GDSC1","886","MGH","495"
"173","FH535","","PPARgamma, PPARdelta","Other","3463933","GDSC1","875","MGH","495"
"231","FMK","KIN001-242","RSK","Other, kinases","none","GDSC1","791","MGH","495"
"263","FR-180204","FR 180204, FR180204, ERK Inhibitor II","ERK1, ERK2","ERK MAPK signaling","11493598","GDSC1","918","MGH","495"
"166","FTI-277","","Farnesyl-transferase (FNTA)","Other","3005532","GDSC1","887","MGH","495"
"546","FTY-720","Fingolimod hydrochloride; Gilenya; TDI-132; Imusera; Gilenia","S1P","Other","","GDSC1","915","MGH","495"
"306","Fedratinib","TG101348, TG-101348, SAR302503, SAR-302503","JAK2","Other, kinases","16722836","GDSC1","920","MGH","495"
"432","Flavopiridol","","CDK","Cell cycle","","GDSC1","910","MGH","495"
"1813","Fludarabine","Fludara","","Unclassified","","GDSC2","728","SANGER","495"
"308","Foretinib","GSK1363089, XL-880, EXEL-2880, GSK089","MET, KDR, TIE2, VEGFR3/FLT4, RON, PDGFR, FGFR1, EGFR","RTK signaling","42642645","GDSC1","915","MGH","495"
"2040","Foretinib","GSK1363089, XL-880, EXEL-2880, GSK089","MET, KDR, TIE2, VEGFR3/FLT4, RON, PDGFR, FGFR1, EGFR","RTK signaling","42642645","GDSC2","750","SANGER","495"
"1200","Fulvestrant","Faslodex, ICI-182780","ESR","Hormone-related","104741","GDSC2","764","SANGER","495"
"1816","Fulvestrant","","","Hormone-related","","GDSC2","728","SANGER","495"
"1925","GDC0810","GDC-0810, GDC 0810","ESR1, ESR2","Hormone-related","56941241","GDSC2","752","SANGER","495"
"1926","GNE-317","GNE317, GNE 317","PI3Kalpha","PI3K/MTOR signaling","70676303","GDSC2","738","SANGER","495"
"52","GNF-2","KIN001-013","BCR-ABL","ABL signaling","5311510","GDSC1","397","MGH","495"
"374","GSK1059615","","PI3K","PI3K/MTOR signaling","","GDSC1","911","MGH","495"
"226","GSK1070916","GSK-1070916","AURKA, AURKC","Mitosis","46885626","GDSC1","873","MGH","495"
"202","GSK1904529A","GSK-1904529A, GSK 1904529A","IGF1R, IR","RTK signaling","25124816","GDSC1","877","MGH","495"
"1093","GSK1904529A","GSK-1904529A, GSK 1904529A","IGF1R, IR","IGF1R signaling","25124816","GDSC2","801","SANGER","495"
"1927","GSK2578215A","GSK 2578215A,  GSK-2578215A","LRRK2","Other, kinases","68107965","GDSC2","752","SANGER","495"
"1618","GSK2606414","AK175551","PERK","Metabolism","53469448","GDSC2","721","SANGER","495"
"127","GSK269962A","GSK 269962A","ROCK1, ROCK2","Cytoskeleton","16095342","GDSC1","399","MGH","495"
"1192","GSK269962A","GSK 269962A","ROCK1, ROCK2","Cytoskeleton","16095342","GDSC1","922","SANGER","495"
"1192","GSK269962A","GSK 269962A","ROCK1, ROCK2","Cytoskeleton","16095342","GDSC2","49","SANGER","495"
"91","GSK319347A","KIN001-135, IKK-3 inhibitor","IKK","Other, kinases","11626927","GDSC1","401","MGH","495"
"1627","GSK343","GTPL8240, AOB3680, AK175558","EZH2","Chromatin histone methylation","71268957","GDSC2","727","SANGER","495"
"230","GSK429286A","","ROCK1, ROCK2","Cytoskeleton","11373846","GDSC1","919","MGH","495"
"2110","GSK591","EPZ015866, GSK3203591","PMRT5","Chromatin histone methylation","117072552","GDSC2","745","SANGER","495"
"177","GSK650394","GSK-650394, GSK 650394","SGK2, SGK3","Other, kinases","25022668","GDSC1","871","MGH","495"
"326","GSK690693","GSK 690693, GSK-690693","AKT1, AKT2, AKT3","PI3K/MTOR signaling","16725726","GDSC1","916","MGH","495"
"193","GW-2580","GX2580, CFMS receptor tyrosine kinase inhibitor","CSF1R","RTK signaling","11617559","GDSC1","920","MGH","495"
"1023","GW441756","GW 441756","NTRK1","RTK signaling","9943465","GDSC1","944","SANGER","495"
"87","GW843682X","GW843682X (AN-13)","PLK1","Cell cycle","9826308","GDSC1","396","MGH","495"
"1830","Gallibiscoquinazole","","","Unclassified","","GDSC2","728","SANGER","495"
"1010","Gefitinib","ZD-1839, Iressa","EGFR","EGFR signaling","123631","GDSC1","941","SANGER","495"
"1010","Gefitinib","ZD-1839, Iressa","EGFR","EGFR signaling","123631","GDSC2","752","SANGER","495"
"135","Gemcitabine","Gemzar, LY-188011","Pyrimidine antimetabolite","DNA replication","60750","GDSC1","865","MGH","495"
"1190","Gemcitabine","Gemzar, LY-188011","Pyrimidine antimetabolite","DNA replication","60750","GDSC2","756","SANGER","495"
"225","Genentech Cpd 10","","AURKA, AURKB","Mitosis","none","GDSC1","918","MGH","495"
"1142","HG-5-113-01","","LOK, LTK, TRCB, ABL(T315I)","Other","none","GDSC1","494","SANGER","495"
"1143","HG-5-88-01","","EGFR, ADCK4","Other, kinases","none","GDSC1","493","SANGER","495"
"159","HG6-64-1","KIN001-206","BRAF","ERK MAPK signaling","53302361","GDSC1","881","MGH","495"
"275","I-BET-762","GSK525762A","BRD2, BRD3, BRD4","Chromatin other","46943432","GDSC1","915","MGH","495"
"1624","I-BET-762","GSK525762A","BRD2, BRD3, BRD4","Chromatin other","46943432","GDSC2","727","SANGER","495"
"1928","I-BRD9","GSK602, GSK 602, GSK-602","BRD9","Chromatin other","91668541","GDSC2","752","SANGER","495"
"236","IC-87114","","PI3Kdelta","PI3K/MTOR signaling","","GDSC1","919","MGH","495"
"1266","ICL1100013","","N-myristoyltransferase 1/2","Other","","GDSC1","912","SANGER","495"
"442","IMD-0354","","IKKb","Other, kinases","","GDSC1","918","MGH","495"
"1230","IOX2","IOX-2, IOX 2, AK176060","EGLN1","Other","54685215","GDSC1","926","SANGER","495"
"176","IPA-3","IPA 3","PAK1","Cytoskeleton","521106","GDSC1","876","MGH","495"
"1576","IWP-2","Wnt Inhibitor IWP-2","PORCN","WNT signaling","2155128","GDSC2","727","SANGER","495"
"1799","Ibrutinib","PCI-32765, CRA-032765, PCI-32765-00","BTK","Other, kinases","24821094","GDSC2","724","SANGER","495"
"238","Idelalisib","CAL-101, Zydelig","PI3Kdelta","PI3K/MTOR signaling","11625818","GDSC1","920","MGH","495"
"34","Imatinib","Gleevec, STI-571","ABL, KIT, PDGFR","Other, kinases","5291","GDSC1","407","MGH","495"
"1924","Ipatasertib","GDC0068, GDC 0068, GDC-0068","AKT1, AKT, AKT3","PI3K/MTOR signaling","24788740","GDSC2","752","SANGER","495"
"1088","Irinotecan","Camptosar, (+)-Irinotecan, Irinotecanum, irinotecan hydrochloride","TOP1","DNA replication","60838","GDSC2","801","SANGER","495"
"208","Ispinesib Mesylate","SB-715992","KSP","Mitosis","6450816","GDSC1","917","MGH","495"
"284","JNJ38877605","","MET","RTK signaling","","GDSC1","923","MGH","495"
"1043","JNK Inhibitor VIII","","JNK","JNK and p38 signaling","11624601","GDSC1","943","SANGER","495"
"157","JNK-9L","KIN001-204, JNK inhibitor 9l","JNK2, JNK3","JNK and p38 signaling","25222038","GDSC1","886","MGH","495"
"163","JQ1","JQ-1, (+)-JQ-1","BRD2, BRD3, BRD4, BRDT","Chromatin other","46907787","GDSC1","886","MGH","495"
"1218","JQ1","JQ-1, (+)-JQ-1","BRD2, BRD3, BRD4, BRDT","Chromatin other","46907787","GDSC1","911","SANGER","495"
"2172","JQ1","JQ-1, (+)-JQ-1","BRD2, BRD3, BRD4, BRDT","Chromatin other","46907787","GDSC2","48","SANGER","495"
"164","JQ12","","HDAC1, HDAC2","Chromatin histone acetylation","none","GDSC1","881","MGH","495"
"256","JW-7-24-1","","LCK","Other, kinases","none","GDSC1","920","MGH","495"
"83","JW-7-52-1","NA","MTOR","PI3K/MTOR signaling","49836027","GDSC1","384","MGH","495"
"289","KIN001-042","","GSK3B","WNT signaling","","GDSC1","923","MGH","495"
"286","KIN001-236","","Angiopoietin-1 receptor","RTK signaling","none","GDSC1","918","MGH","495"
"287","KIN001-244","PDK1 inhibitor 7","PDK1 (PDPK1)","Metabolism","56965967","GDSC1","917","MGH","495"
"290","KIN001-260","Bayer IKKb inhibitor, ACHP","IKKB","Other, kinases","10451420","GDSC1","917","MGH","495"
"291","KIN001-266","","MAP3K8","ERK MAPK signaling","44143370","GDSC1","917","MGH","495"
"345","KIN001-270","CDK9 inhibitor, CDK9-IN-1","CDK9","Cell cycle","66577006","GDSC1","918","MGH","495"
"1855","KRAS (G12C) Inhibitor-12","GTPL8020","KRAS (G12C)","ERK MAPK signaling","73555129","GDSC2","728","SANGER","495"
"1030","KU-55933","KU55933","ATM","Genome integrity","5278396","GDSC1","945","SANGER","495"
"1030","KU-55933","KU55933","ATM","Genome integrity","5278396","GDSC2","49","SANGER","495"
"563","Kobe2602","","RAS effector","RTK signaling","","GDSC1","913","MGH","495"
"439","LCL161","","XIAP, cIAP1, cIAP2","Apoptosis regulation","","GDSC1","910","MGH","495"
"1557","LCL161","","XIAP, IAP1, IAP2","Apoptosis regulation","24737642","GDSC2","727","SANGER","495"
"478","LDN-193189","","BMP","Other","","GDSC1","913","MGH","495"
"192","LFM-A13","DDE-28","BTK","Other, kinases","54676905","GDSC1","878","MGH","495"
"573","LGK974","","PORCN","WNT signaling","","GDSC1","911","MGH","495"
"1598","LGK974","LGK-974","PORCN","WNT signaling","46926973","GDSC2","804","SANGER","495"
"406","LIMK1 inhibitor BMS4","","LIMK1","Cytoskeleton","","GDSC1","925","MGH","495"
"2107","LJI308","","RSK2, RSK1, RSK3","PI3K/MTOR signaling","118704762","GDSC2","746","SANGER","495"
"1852","LY2109761","5XE","TGFB1","Other","11655119","GDSC2","728","SANGER","495"
"119","Lapatinib","Tykerb, Tyverb","ERBB2, EGFR","RTK signaling","208908","GDSC1","396","MGH","495"
"1558","Lapatinib","Tykerb, Tyverb","ERBB2, EGFR","EGFR signaling","208908","GDSC2","757","SANGER","495"
"1578","Leflunomide","Sulol, SU-101, HWA-486, Arava","Pyrimidine synthesis inhibitor","DNA replication","3899","GDSC2","728","SANGER","495"
"1020","Lenalidomide","CDC-501, CC-5013, Revlimid","CRBN","Protein stability and degradation","216326","GDSC1","947","SANGER","495"
"1024","Lestaurtinib","CEP-701, SP-924, SPM-924, A-154475, KT-555","FLT3, JAK2, NTRK1, NTRK2, NTRK3","Other, kinases","126565","GDSC1","943","SANGER","495"
"277","Linifanib","ABT-869, ABT 869","VEGFR1, VEGFR2, VEGFR3, CSF1R, FLT3, KIT","RTK signaling","11485656","GDSC1","920","MGH","495"
"185","Linsitinib","OSI-906, ASP-7487","IGF1R","IGF1R signaling","11640390","GDSC1","874","MGH","495"
"1510","Linsitinib","OSI-906, ASP-7487","IGF1R","IGF1R signaling","11640390","GDSC2","804","SANGER","495"
"194","Luminespib","AUY922, VER-52296,NVP-AUY922,  AUY","HSP90","Protein stability and degradation","10096043","GDSC1","869","MGH","495"
"1559","Luminespib","AUY922, VER-52296,NVP-AUY922,  AUY","HSP90","Protein stability and degradation","10096043","GDSC2","804","SANGER","495"
"9","MG-132","LLL cpd, MG 132, MG132","Proteasome, CAPN1","Protein stability and degradation","462382","GDSC1","398","MGH","495"
"446","MIM1","","MCL-1","Apoptosis regulation","","GDSC1","907","MGH","495"
"1996","MIM1","MIM 1, MIM-1","MCL1","Apoptosis regulation","16241412","GDSC2","752","SANGER","495"
"1931","MIRA-1","MIRA 1, MIRA1, NSC19630, NSC-19630, NSC 19630","TP53","p53 pathway","227681","GDSC2","751","SANGER","495"
"1179","MK-1775","AZD1775","WEE1, PLK1","Cell cycle","24856436","GDSC2","770","SANGER","495"
"1053","MK-2206","MK 2206, MK2206","AKT1, AKT2","PI3K/MTOR signaling","46930998","GDSC1","901","SANGER","495"
"1053","MK-2206","MK 2206, MK2206","AKT1, AKT2","PI3K/MTOR signaling","46930998","GDSC2","771","SANGER","495"
"2046","MK-8776","SCH900776","CHEK1, CHEK2, CDK2","Cell cycle","16224745","GDSC2","749","SANGER","495"
"1629","ML323","GTPL7898, AOB2313,","USP1, UAF1","Protein stability and degradation","60167849","GDSC2","728","SANGER","495"
"1854","MN-64","","TNKS1, TNKS2","WNT signaling","2802462","GDSC2","728","SANGER","495"
"294","MPS-1-IN-1","","MPS1","Mitosis","25195352","GDSC1","916","MGH","495"
"292","Masitinib","AB1010, Masivet","KIT, PDGFRA, PDGFRB","RTK signaling","10074640","GDSC1","919","MGH","495"
"410","MetAP2 Inhibitor, A832234","","MetAP2","Other","","GDSC1","909","MGH","495"
"1008","Methotrexate","Abitrexate, Amethopterin, Rheumatrex, Trexall, Folex","Antimetabolite","DNA replication","126941","GDSC1","947","SANGER","495"
"153","Midostaurin","PKC412, benzoylstaurosporine, CGP-41251","PKC, PPK, FLT1, c-FGR, others","Other","several","GDSC1","888","MGH","495"
"1048","Mirin","","MRE11","Genome integrity","none","GDSC1","859","SANGER","495"
"1048","Mirin","","MRE11","Genome integrity","none","GDSC2","728","SANGER","495"
"136","Mitomycin-C","Mytozytrex, NSC-26980, MMC, Mitosol, Mitozytrex","DNA crosslinker","DNA replication","5746","GDSC1","877","MGH","495"
"1810","Mitoxantrone","","","DNA replication","","GDSC2","728","SANGER","495"
"1029","Motesanib","AMG-706, AMG 706, AMG706","VEGFR, RET, KIT, PDGFR","RTK signaling","11667893","GDSC1","941","SANGER","495"
"260","NG-25","NG25","TAK1, MAP4K2","Other, kinases","53340664","GDSC1","918","MGH","495"
"257","NPK76-II-72-1","","PLK3","Cell cycle","none","GDSC1","917","MGH","495"
"269","NSC-207895","XI-006, NSC207895","MDM4","p53 pathway","42640","GDSC1","914","MGH","495"
"147","NSC-87877","NSC 87877","SHP-1 (PTPN6), SHP-2 (PTPN11)","Other","5459322","GDSC1","884","MGH","495"
"461","NSC319726","","P53 Mut specific","p53 pathway","","GDSC1","879","MGH","495"
"1038","NU7441","KU-57788, NU-7432, NU-7741","DNAPK","Genome integrity","11327430","GDSC1","940","SANGER","495"
"1038","NU7441","KU-57788, NU-7432, NU-7741","DNAPK","Genome integrity","11327430","GDSC2","48","SANGER","495"
"1932","NVP-ADW742","NVP ADW742, NVPADW742","IGF1R","IGF1R signaling","9825149","GDSC2","752","SANGER","495"
"295","NVP-BHG712","BHG712","EPHB4","RTK signaling","16747388","GDSC1","918","MGH","495"
"35","NVP-TAE684","NVP-TAE 684, TAE684, TAE-684","ALK","RTK signaling","16038120","GDSC1","404","MGH","495"
"1011","Navitoclax","ABT-263, ABT263, ABT 263","BCL2, BCL-XL, BCL-W","Apoptosis regulation","24978538","GDSC1","942","SANGER","495"
"1011","Navitoclax","ABT-263, ABT263, ABT 263","BCL2, BCL-XL, BCL-W","Apoptosis regulation","24978538","GDSC2","751","SANGER","495"
"1814","Nelarabine","Atriance, Arranon","","DNA replication","","GDSC2","727","SANGER","495"
"1013","Nilotinib","Tasigna, AMN 107","ABL","ABL signaling","644241","GDSC1","947","SANGER","495"
"1013","Nilotinib","Tasigna, AMN 107","ABL","ABL signaling","644241","GDSC2","757","SANGER","495"
"1177","Niraparib","MK-4827, MK4827","PARP1, PARP2","Genome integrity","24958200","GDSC2","728","SANGER","495"
"1047","Nutlin-3a (-)","","MDM2","p53 pathway","11433190","GDSC1","947","SANGER","495"
"1047","Nutlin-3a (-)","","MDM2","p53 pathway","11433190","GDSC2","773","SANGER","495"
"1853","OF-1","","BRPF1B, BRPF2","Chromatin histone acetylation","35397514","GDSC2","728","SANGER","495"
"299","OSI-027","A-1065-5","MTORC1, MTORC2","PI3K/MTOR signaling","44224160","GDSC1","906","MGH","495"
"1594","OSI-027","A-1065-5","MTORC1, MTORC2","PI3K/MTOR signaling","44224160","GDSC2","265","SANGER","495"
"298","OSI-930","OSI 930 OSI930","KIT","RTK signaling","9868037","GDSC1","919","MGH","495"
"167","OSU-03012","AR-12, OSU 03012, OSU03012, PDK1 inhibitor AR-12","PDK1 (PDPK1)","Metabolism","10027278","GDSC1","877","MGH","495"
"1626","OTX015","Birabresib, OTX-015, MK-8628","BRD2, BRD3, BRD4","Chromatin other","9936746","GDSC2","728","SANGER","495"
"182","Obatoclax Mesylate","GX15-070MS, Obatoclax, GX15-070","BCL2, BCL-XL, BCL-W, MCL1","Apoptosis regulation","11404337","GDSC1","869","MGH","495"
"1068","Obatoclax Mesylate","GX15-070MS, Obatoclax, GX15-070","BCL2, BCL-XL, BCL-W, MCL1","Apoptosis regulation","11404337","GDSC2","728","SANGER","495"
"1017","Olaparib","AZD2281, KU0059436,  Lynparza","PARP1, PARP2","Genome integrity","23725625","GDSC1","946","SANGER","495"
"1495","Olaparib","AZD2281, KU0059436,  Lynparza","PARP1, PARP2","Genome integrity","23725625","GDSC1","906","SANGER","495"
"1017","Olaparib","AZD2281, KU0059436,  Lynparza","PARP1, PARP2","Genome integrity","23725625","GDSC2","762","SANGER","495"
"283","Omipalisib","GSK2126458, GSK-2126458, EX-8678, GSK458","PI3K (class 1), MTORC1, MTORC2","PI3K/MTOR signaling","25167777","GDSC1","920","MGH","495"
"1919","Osimertinib","AZD9291, AZD 9291, AZD-9291, Tagrisso, Mereletinib","EGFR","EGFR signaling","71496458","GDSC2","752","SANGER","495"
"1089","Oxaliplatin","Eloxatin","DNA alkylating agent","DNA replication","5310940","GDSC2","802","SANGER","495"
"1806","Oxaliplatin","","DNA alkylating agent","DNA replication","","GDSC2","728","SANGER","495"
"1933","P22077","P 22077, P-22077","USP7, USP47","Protein stability and degradation","46931953","GDSC2","752","SANGER","495"
"175","PAC-1","GTPL5238","Procaspase-3, Procaspase-7","Apoptosis regulation","6753378","GDSC1","865","MGH","495"
"1621","PCI-34051","AK298746","HDAC8, HDAC6, HDAC1","Chromatin histone acetylation","24753719","GDSC2","728","SANGER","495"
"1060","PD0325901","PD-0325901, PD 0325901","MEK1, MEK2","ERK MAPK signaling","9826528","GDSC1","932","SANGER","495"
"1060","PD0325901","PD-0325901, PD 0325901","MEK1, MEK2","ERK MAPK signaling","9826528","GDSC2","804","SANGER","495"
"1049","PD173074","PD-173074, PD 173074","FGFR1, FGFR3","RTK signaling","1401","GDSC1","946","SANGER","495"
"1049","PD173074","PD-173074, PD 173074","FGFR1, FGFR3","RTK signaling","1401","GDSC2","758","SANGER","495"
"363","PF-00299804","","EGFR, ERBB2, ERBB4","RTK signaling","","GDSC1","916","MGH","495"
"1129","PF-4708671","PF 4708671, PF4708671","S6K1","PI3K/MTOR signaling","51371303","GDSC1","930","SANGER","495"
"1129","PF-4708671","PF 4708671, PF4708671","S6K1","PI3K/MTOR signaling","51371303","GDSC2","49","SANGER","495"
"158","PF-562271","PF-00562271","FAK, FAK2","Cytoskeleton","11713159","GDSC1","871","MGH","495"
"1219","PFI-1","","BRD4","Chromatin other","71271629","GDSC1","927","SANGER","495"
"1530","PFI-3","BDF00016096","SMARCA2, SMARCA4, PB1","Chromatin other","78243717","GDSC1","846","SANGER","495"
"1620","PFI3","PFI-3, PFI 3, AOB2221","Polybromo 1, SMARCA4, SMARCA2","Chromatin other","78243717","GDSC2","728","SANGER","495"
"6","PHA-665752","PHA665752, PHA 665752","MET","RTK signaling","10461815","GDSC1","407","MGH","495"
"301","PHA-793887","PHA793887, PHA 793887","CDK2, CDK7, CDK5","Cell cycle","46191454","GDSC1","918","MGH","495"
"302","PI-103","PI-103, PI103, PI 103","PI3Kalpha, DAPK3, CLK4, PIM3, HIPK2","Other, kinases","9884685","GDSC1","907","MGH","495"
"303","PIK-93","PIK 93, PIK93","PI3Kgamma","PI3K/MTOR signaling","6852167","GDSC1","917","MGH","495"
"1036","PLX-4720","PLX4720, PLX 4720","BRAF","ERK MAPK signaling","24180719","GDSC1","944","SANGER","495"
"1371","PLX-4720","PLX4720, PLX 4720","BRAF","ERK MAPK signaling","24180719","GDSC1","925","SANGER","495"
"1036","PLX-4720","PLX4720, PLX 4720","BRAF","ERK MAPK signaling","24180719","GDSC2","797","SANGER","495"
"1131","PRIMA-1MET","Prima 1MET, APR-246","TP53 activation","p53 pathway","52918385","GDSC2","728","SANGER","495"
"1631","PRT062607","P505-15, PRT-2607, BIIB-057","SYK","Other, kinases","44462758","GDSC2","728","SANGER","495"
"11","Paclitaxel","BMS-181339-01, Taxol, Onxol, Paxene, Praxel, Abraxane","Microtubule stabiliser","Mitosis","36314","GDSC1","397","MGH","495"
"1080","Paclitaxel","BMS-181339-01, Taxol, Onxol, Paxene, Praxel, Abraxane","Microtubule stabiliser","Mitosis","36314","GDSC2","757","SANGER","495"
"1054","Palbociclib","PD0332991, PD-0332991, PF-00080665-73","CDK4, CDK6","Cell cycle","5330286","GDSC1","901","SANGER","495"
"1054","Palbociclib","PD0332991, PD-0332991, PF-00080665-73","CDK4, CDK6","Cell cycle","5330286","GDSC2","770","SANGER","495"
"438","Panobinostat","Farydak, LBH589","HDAC","Chromatin histone acetylation","","GDSC1","904","MGH","495"
"89","Parthenolide","","HDAC1","Chromatin histone acetylation","7251185","GDSC1","401","MGH","495"
"199","Pazopanib","Votrient","CSF1R, KIT,  PDGFRA, PDGFRB","RTK signaling","10113978","GDSC1","873","MGH","495"
"282","Pelitinib","EKB-569, EKB 569","EGFR","EGFR signaling","6445562","GDSC1","919","MGH","495"
"428","Pemetrexed","","TYMS","DNA replication","","GDSC1","905","MGH","495"
"1529","Pevonedistat","MLN4924, MLN 4924, MLN-4924","NAE","Other","16720766","GDSC1","701","SANGER","495"
"1529","Pevonedistat","MLN4924, MLN 4924, MLN-4924","NAE","Other","16720766","GDSC2","750","SANGER","495"
"196","Phenformin","DBI","Biguanide agent","Other","8249","GDSC1","907","MGH","495"
"1635","Picolinici-acid","Picolinate","Inflammatory related","Other","1018","GDSC2","728","SANGER","495"
"1058","Pictilisib","GDC-0941, GDC0941, RG-7621","PI3K (class 1)","PI3K/MTOR signaling","17755052","GDSC1","934","SANGER","495"
"1527","Pictilisib","GDC-0941, GDC0941, RG-7621","PI3K (class 1)","PI3K/MTOR signaling","17755052","GDSC1","881","SANGER","495"
"1058","Pictilisib","GDC-0941, GDC0941, RG-7621","PI3K (class 1)","PI3K/MTOR signaling","17755052","GDSC2","766","SANGER","495"
"372","Pilaralisib","XL-147","PI3K","PI3K/MTOR signaling","","GDSC1","925","MGH","495"
"1243","Piperlongumine","Piplartine","Induces reactive oxygen species","Other","637858","GDSC1","924","SANGER","495"
"1825","Podophyllotoxin bromide","","","Unclassified","","GDSC2","728","SANGER","495"
"155","Ponatinib","AP24534, AP-24534, KIN001-192, Iclusig","ABL, PDGFRA, VEGFR2, FGFR1, SRC, TIE2, FLT3","Other, kinases","24826799","GDSC1","884","MGH","495"
"2044","Pyridostatin","","G-quadruplex stabiliser","DNA replication","25227847","GDSC2","750","SANGER","495"
"71","Pyrimethamine","Daraprim, Chloridine","Dihydrofolate reductase (DHFR)","Other","4993","GDSC1","399","MGH","495"
"1166","QL-VIII-58","","MTOR, ATR","Other","none","GDSC1","496","SANGER","495"
"331","QL-X-138","","BTK","Other, kinases","none","GDSC1","908","MGH","495"
"329","QL-XI-92","","DDR1","Cytoskeleton","none","GDSC1","920","MGH","495"
"235","QL-XII-47","","BTK, BMX","Other, kinases","none","GDSC1","911","MGH","495"
"1203","QL-XII-61","","BMX, BTK","Other, kinases","none","GDSC1","472","SANGER","495"
"151","QS11","944328-88-5","ARFGAP1","Other","4263900","GDSC1","879","MGH","495"
"254","Quizartinib","AC220, AC 220, AC-220, Asp-2689","FLT3","RTK signaling","24889392","GDSC1","920","MGH","495"
"1052","RO-3306","","CDK1","Cell cycle","44450571","GDSC1","946","SANGER","495"
"1052","RO-3306","","CDK1","Cell cycle","44450571","GDSC2","49","SANGER","495"
"576","RU-SKI 43","","Shh","Other","","GDSC1","914","MGH","495"
"1625","RVX-208","1044870-39-4, Apabetalone","BRD4","Chromatin other","24871506","GDSC2","727","SANGER","495"
"3","Rapamycin","AY-22989, Sirolimus, WY-090217, Torisel, Rapamune","MTORC1","PI3K/MTOR signaling","5384616","GDSC1","358","MGH","495"
"1084","Rapamycin","AY-22989, Sirolimus, WY-090217, Torisel, Rapamune","MTORC1","PI3K/MTOR signaling","5384616","GDSC2","745","SANGER","495"
"1014","Refametinib","RDEA119, BAY-86-9766, BAY 869766","MEK1, MEK2","ERK MAPK signaling","44182295","GDSC1","927","SANGER","495"
"1526","Refametinib","RDEA119, BAY-86-9766, BAY 869766","MEK1, MEK2","ERK MAPK signaling","44182295","GDSC1","874","SANGER","495"
"1632","Ribociclib","LEE011, NVP-LEE011, LEE011-BBA","CDK4, CDK6","Cell cycle","44631912","GDSC2","47","SANGER","495"
"1175","Rucaparib","PF-01367338, AG-014699, AG-14447, AG-14699","PARP1, PARP2","Genome integrity","9931953","GDSC1","940","SANGER","495"
"206","Ruxolitinib","INCB-18424, Ruxolitinib Phosphate, Jakafi","JAK1, JAK2","Other, kinases","25126798","GDSC1","922","MGH","495"
"1507","Ruxolitinib","INCB-18424, Ruxolitinib Phosphate, Jakafi","JAK1, JAK2","Other, kinases","25126798","GDSC2","728","SANGER","495"
"41","S-Trityl-L-cysteine","NSC 83265, Tritylcysteine","KIF11","Mitosis","76044","GDSC1","398","MGH","495"
"1025","SB216763","SB-216763, SB 216763","GSK3A, GSK3B","WNT signaling","176158","GDSC1","851","SANGER","495"
"1025","SB216763","SB-216763, SB 216763","GSK3A, GSK3B","WNT signaling","176158","GDSC2","96","SANGER","495"
"476","SB505124","SB 505124, SB505124","TGFBR1, ACVR1B, ACVR1C","RTK signaling","","GDSC1","910","MGH","495"
"1194","SB505124","SB 505124, SB505124","TGFBR1, ACVR1B, ACVR1C","RTK signaling","9858940","GDSC1","924","SANGER","495"
"1194","SB505124","SB 505124, SB505124","TGFBR1, ACVR1B, ACVR1C","RTK signaling","9858940","GDSC2","47","SANGER","495"
"304","SB52334","SB-52334, SB 52334","ALK5","Other, kinases","9967941","GDSC1","915","MGH","495"
"1061","SB590885","SB-590885","BRAF","ERK MAPK signaling","11316960","GDSC1","908","SANGER","495"
"1564","SCH772984","CS-1421","ERK1, ERK2","ERK MAPK signaling","24866313","GDSC2","804","SANGER","495"
"1264","SGC0946","","DOT1L","Chromatin histone methylation","56962337","GDSC1","908","SANGER","495"
"1039","SL0101","SL-0101, SL 0101-1","RSK, AURKB, PIM1, PIM3","Other, kinases","10459196","GDSC1","929","SANGER","495"
"1494","SN-38","7-Ethyl-10-Hydroxy-Camptothecin, SN 38","TOP1","DNA replication","104842","GDSC1","952","SANGER","495"
"328","SNX-2112","SNX 2112","HSP90","Protein stability and degradation","24772860","GDSC1","907","MGH","495"
"258","STF-62247","STF62247","Autophagy inducer","Other","704473","GDSC1","916","MGH","495"
"285","SU11274","","MET","RTK signaling","","GDSC1","924","MGH","495"
"1849","Sabutoclax","BI-97C1","BCL2,  BCL-XL,  BFL1, MCL1","Apoptosis regulation","46236925","GDSC2","726","SANGER","495"
"111","Salubrinal","EIF-2alpha Inhibitor","EIF2A","Other","5717801","GDSC1","397","MGH","495"
"1549","Sapitinib","AZD8931","EGFR, ERBB2, ERBB3","EGFR signaling","11488320","GDSC2","804","SANGER","495"
"38","Saracatinib","AZD0530, AZD-0530, AZ-10353926","ABL, SRC","Other, kinases","10302451","GDSC1","407","MGH","495"
"1936","Savolitinib","AZD6094, Volitinib, AZD-6094, AZD 6094","MET","RTK signaling","68289010","GDSC2","751","SANGER","495"
"110","Seliciclib","Roscovitine, CYC-202, AL-39256","CDK2, CDK7, CDK9","Cell cycle","160355","GDSC1","395","MGH","495"
"341","Selisistat","EX-527, EX 527","SIRT1","Chromatin histone acetylation","5113032","GDSC1","915","MGH","495"
"1062","Selumetinib","AZD6244, AZD-6244, ARRY-886","MEK1, MEK2","ERK MAPK signaling","10127622","GDSC1","893","SANGER","495"
"1498","Selumetinib","AZD6244, AZD-6244, ARRY-886","MEK1, MEK2","ERK MAPK signaling","10127622","GDSC1","919","SANGER","495"
"268","Sepantronium bromide","YM155, YM-155, YM 155","BIRC5","Apoptosis regulation","11178236","GDSC1","878","MGH","495"
"1941","Sepantronium bromide","YM155, YM-155, YM 155","BIRC5","Apoptosis regulation","11178236","GDSC2","752","SANGER","495"
"1133","Serdemetan","JNJ-26854165","MDM2","p53 pathway","11609586","GDSC1","938","SANGER","495"
"170","Shikonin","Anchusin","not defined","Other","5208","GDSC1","880","MGH","495"
"1838","Sinularin","","","Unclassified","","GDSC2","728","SANGER","495"
"30","Sorafenib","Nexavar, 284461-73-0, BAY 43-9006","PDGFR, KIT, VEGFR, RAF","RTK signaling","216239","GDSC1","398","MGH","495"
"1085","Sorafenib","Nexavar, 284461-73-0, BAY 43-9006","PDGFR, KIT, VEGFR, RAF","Other, kinases","216239","GDSC2","757","SANGER","495"
"408","Sphingosine Kinase 1 Inhibitor II","PF-543","Sphingosine Kinase","Other, kinases","","GDSC1","925","MGH","495"
"5","Sunitinib","Sutent, Sunitinib Malate, SU-11248","PDGFR, KIT, VEGFR, FLT3, RET, CSF1R","RTK signaling","5329102","GDSC1","398","MGH","495"
"333","T0901317","TO-901317, TO901317","LXR, FXR","Other","447912","GDSC1","913","MGH","495"
"221","TAK-715","KIN001-201, TAK 715","p38alpha, p38beta","JNK and p38 signaling","9952773","GDSC1","922","MGH","495"
"94","TGX221","TGX-221, Tgx 221","PI3Kbeta","PI3K/MTOR signaling","9907093","GDSC1","398","MGH","495"
"346","THZ-2-102-1","","CDK7","Cell cycle","none","GDSC1","896","MGH","495"
"344","THZ-2-49","","CDK9","Cell cycle","none","GDSC1","905","MGH","495"
"261","TL-1-85","","TAK","Other, kinases","none","GDSC1","918","MGH","495"
"211","TL-2-105","","not defined","Other","none","GDSC1","921","MGH","495"
"305","TPCA-1","","IKK2","Other, kinases","9903786","GDSC1","918","MGH","495"
"1149","TW 37","TW37, TW-37","BCL2, BCL-XL, MCL1","Apoptosis regulation","11455910","GDSC1","939","SANGER","495"
"366","TWS119","","GSK3","WNT signaling","","GDSC1","925","MGH","495"
"1259","Talazoparib","BMN-673, BMN 973","PARP1, PARP2","Genome integrity","44819241","GDSC1","910","SANGER","495"
"1259","Talazoparib","BMN-673, BMN 973","PARP1, PARP2","Genome integrity","44819241","GDSC2","748","SANGER","495"
"1199","Tamoxifen","Nolvadex, Soltamox, Zynoplex, ICI-46474, Kessar","ESR1","Hormone-related","2733526","GDSC1","924","SANGER","495"
"1199","Tamoxifen","Nolvadex, Soltamox, Zynoplex, ICI-46474, Kessar","ESR1","Hormone-related","2733526","GDSC2","756","SANGER","495"
"1026","Tanespimycin","17-AAG, BMS-722782","HSP90","Protein stability and degradation","6505803","GDSC1","944","SANGER","495"
"1561","Taselisib","GDC-0032, GDC0032, RG7604","PI3K (beta sparing)","PI3K/MTOR signaling","51001932","GDSC2","805","SANGER","495"
"1930","Telomerase Inhibitor IX","MST-312, MST 312, MST312","Telomerase","Genome integrity","10385095","GDSC2","752","SANGER","495"
"1375","Temozolomide","Temodar, Temodal, M-39831, SCH 52365","DNA alkylating agent","DNA replication","5394","GDSC1","908","SANGER","495"
"1375","Temozolomide","Temodar, Temodal, M-39831, SCH 52365","DNA alkylating agent","DNA replication","5394","GDSC2","750","SANGER","495"
"1016","Temsirolimus","CCI-779, Torisel","MTOR","PI3K/MTOR signaling","6918289","GDSC1","928","SANGER","495"
"1809","Teniposide","Vumon","","DNA replication","","GDSC2","728","SANGER","495"
"342","Tenovin-6","","SIRT","Chromatin histone acetylation","","GDSC1","925","MGH","495"
"180","Thapsigargin","Octanoic acid","SERCA","Other","446378","GDSC1","858","MGH","495"
"204","Tipifarnib","Zarnestra","Farnesyl-transferase (FNTA)","Other","159324","GDSC1","878","MGH","495"
"312","Tivozanib","AV-951, AV 951, KRN-951, KIL8951, ASP-4130","VEGFR1, VEGFR2, VEGFR3","RTK signaling","9911830","GDSC1","918","MGH","495"
"1808","Topotecan","","","DNA replication","","GDSC2","728","SANGER","495"
"371","Torin 2","","mTOR","PI3K/MTOR signaling","","GDSC1","877","MGH","495"
"32","Tozasertib","MK 0457,MK-0457,MK-045, VX-680 VX 680 VX-68","AURKA, AURKB, AURKC, others","Mitosis","5494449","GDSC1","394","MGH","495"
"1096","Tozasertib","MK 0457,MK-0457,MK-045, VX-680 VX 680 VX-68","AURKA, AURKB, AURKC, others","Mitosis","5494449","GDSC2","49","SANGER","495"
"1372","Trametinib","GSK1120212, Mekinist","MEK1, MEK2","ERK MAPK signaling","11707110","GDSC1","892","SANGER","495"
"1372","Trametinib","GSK1120212, Mekinist","MEK1, MEK2","ERK MAPK signaling","11707110","GDSC2","771","SANGER","495"
"1009","Tretinoin","ATRA, Vesanoid, Renova, Atralin, Tretin-X, Avita","Retinoic acid","Other","444795","GDSC1","937","SANGER","495"
"437","Trichostatin A","","HDAC","Chromatin histone acetylation","","GDSC1","911","MGH","495"
"265","Tubastatin A","","HDAC1, HDAC6, HDAC8","Chromatin histone acetylation","53394750","GDSC1","916","MGH","495"
"1939","UMI-77","UMI 77, UMI-77","MCL1","Apoptosis regulation","992586","GDSC2","752","SANGER","495"
"245","UNC0638","UNC-0638, UNC 0683","G9a and GLP methyltransferases","Chromatin histone methylation","46224516","GDSC1","913","MGH","495"
"1236","UNC0638","UNC-0638, UNC 0683","G9a and GLP methyltransferases","Chromatin histone methylation","46224516","GDSC1","927","SANGER","495"
"1263","UNC0642","","G9a(EHMT2), GLP(EHMT1)","Chromatin histone methylation","","GDSC1","894","SANGER","495"
"1262","UNC1215","UNC-1215","L3MBTL3","Chromatin other","57339144","GDSC1","909","SANGER","495"
"1908","Ulixertinib","BVD-523, VRT752271","ERK1, ERK2","ERK MAPK signaling","11719003, 58641927","GDSC2","752","SANGER","495"
"2047","Ulixertinib","BVD-523, VRT752271","ERK1, ERK2","ERK MAPK signaling","11719003, 58641927","GDSC2","749","SANGER","495"
"1553","Uprosertib","GSK2141795, GSK2141795C, GSK-2141795","AKT1, AKT2, AKT3","PI3K/MTOR signaling","51042438","GDSC2","735","SANGER","495"
"2106","Uprosertib","GSK2141795, GSK2141795C, GSK-2141795","AKT1, AKT2, AKT3","PI3K/MTOR signaling","51042438","GDSC2","745","SANGER","495"
"1613","VE-822","VE 822, VE822, Berzosertib","ATR","Genome integrity","59472121","GDSC2","728","SANGER","495"
"2111","VE821","VE 821, VE-821","ATR","Genome integrity","51000408","GDSC2","744","SANGER","495"
"271","VNLG/124","HDAC inhibitor XV","HDAC,RAR","Chromatin histone acetylation","24894414","GDSC1","914","MGH","495"
"262","VX-11e","VX11e, VX11e","ERK2","ERK MAPK signaling","11634725","GDSC1","918","MGH","495"
"2096","VX-11e","VX11e, VX11e","ERK2","ERK MAPK signaling","11634725","GDSC2","746","SANGER","495"
"1028","VX-702","VX702, VX 702","p38","JNK and p38 signaling","10341154","GDSC1","941","SANGER","495"
"1018","Veliparib","ABT-888, ABT888, ABT 888","PARP1, PARP2","Genome integrity","11960529","GDSC1","947","SANGER","495"
"1909","Venetoclax","ABT-199, Veneclexta, GDC-0199","BCL2","Apoptosis regulation","49846579","GDSC2","756","SANGER","495"
"412","Venotoclax","ABT-199, Veneclexta, GDC-0199","BCL-2 selective","Apoptosis regulation","","GDSC1","911","MGH","495"
"1004","Vinblastine","Velban","Microtubule destabiliser","Mitosis","6710780","GDSC1","945","SANGER","495"
"1004","Vinblastine","Velban","Microtubule destabiliser","Mitosis","6710780","GDSC2","750","SANGER","495"
"1818","Vincristine","","","Mitosis","","GDSC2","722","SANGER","495"
"140","Vinorelbine","vinorelbine tartrate, Navelbine, Exelbine","Microtubule destabiliser","Mitosis","5311497","GDSC1","887","MGH","495"
"2048","Vinorelbine","vinorelbine tartrate, Navelbine, Exelbine","Microtubule destabiliser","Mitosis","5311497","GDSC2","750","SANGER","495"
"1033","Vismodegib","GDC0449, Erivedge","SMO","Other","24776445","GDSC1","949","SANGER","495"
"1012","Vorinostat","Zolinza, SAHA, suberanilohydroxamic acid, suberoylanilide hydroxamic acid, MK-0683","HDAC inhibitor Class I, IIa, IIb, IV","Chromatin histone acetylation","5311","GDSC1","948","SANGER","495"
"1012","Vorinostat","Zolinza, SAHA, suberanilohydroxamic acid, suberoylanilide hydroxamic acid, MK-0683","HDAC inhibitor Class I, IIa, IIb, IV","Chromatin histone acetylation","5311","GDSC2","758","SANGER","495"
"375","Voxtalisib","XL-765, SAR245409","PI3K (class 1), DNAPK, MTOR","PI3K/MTOR signaling","","GDSC1","925","MGH","495"
"1997","WEHI-539","WEHI539, WEHI-539","BCL-XL","Apoptosis regulation","71297207","GDSC2","752","SANGER","495"
"56","WH-4-023","KIN001-112","SRC, LCK","Other, kinases","11844351","GDSC1","396","MGH","495"
"288","WHI-P97","AC1L1GQE, KIN001-055","JAK3","Other, kinases","3796","GDSC1","918","MGH","495"
"1940","WIKI4","WIKI-4, WIKI 4","TNKS1, TNKS2","WNT signaling","2984337","GDSC2","751","SANGER","495"
"317","WYE-125132","","mTOR","PI3K/MTOR signaling","","GDSC1","911","MGH","495"
"59","WZ-1-84","KIN001-123","BMX","Other, kinases","49821040","GDSC1","399","MGH","495"
"252","WZ3105","","SRC, ROCK2, NTRK2, FLT3, IRAK1, others","Other","none","GDSC1","920","MGH","495"
"1614","WZ4003","WZ 4003","NUAK1, NUAK2","Other, kinases","72200024","GDSC2","728","SANGER","495"
"1046","Wee1 Inhibitor","681640, Wee1 Inhibitor","WEE1, CHEK1","Cell cycle","10384072","GDSC1","856","SANGER","495"
"1046","Wee1 Inhibitor","681640, Wee1 Inhibitor","WEE1, CHEK1","Cell cycle","10384072","GDSC2","755","SANGER","495"
"574","Wnt-C59","","PORCN","WNT signaling","","GDSC1","913","MGH","495"
"1622","Wnt-C59","AOB3540, AK161197","PORCN","WNT signaling","57519544","GDSC2","728","SANGER","495"
"1268","XAV939","NVP-XAV939, XAV-939, XAV 939","TNKS1, TNKS2","WNT signaling","2726824","GDSC1","916","SANGER","495"
"1268","XAV939","NVP-XAV939, XAV-939, XAV 939","TNKS1, TNKS2","WNT signaling","2726824","GDSC2","728","SANGER","495"
"1158","XMD11-85h","","BRSK2, FLT4, MARK4, PRKCD, RET, SRPK1","Other, kinases","none","GDSC1","494","SANGER","495"
"330","XMD13-2","","RIPK1","Apoptosis regulation","none","GDSC1","919","MGH","495"
"253","XMD14-99","","ALK, CDK7, LTK, others","Other, kinases","none","GDSC1","920","MGH","495"
"332","XMD15-27","","CAMK2","Other, kinases","none","GDSC1","920","MGH","495"
"106","XMD8-85","ERK5-IN-1","ERK5, BET","Other","46844147","GDSC1","396","MGH","495"
"1164","XMD8-92","XMD 8-92","MAPK7","ERK MAPK signaling","46843772","GDSC1","495","SANGER","495"
"309","Y-39983","","ROCK","Cytoskeleton","9810884","GDSC1","917","MGH","495"
"1239","YK-4-279","YK 4-279","RNA helicase A","Other","44632017","GDSC1","792","SANGER","495"
"1239","YK-4-279","YK 4-279","RNA helicase A","Other","44632017","GDSC2","752","SANGER","495"
"310","YM201636","YM-201636, YM 201636","PIKFYVE","PI3K/MTOR signaling","9956222","GDSC1","918","MGH","495"
"45","Z-LLNle-CHO","Z-L-Norleucine-CHO, Gamma-Secretase Inhibitor 1","gamma-secretase","Other","16760646","GDSC1","399","MGH","495"
"1161","ZG-10","","JNK1","JNK and p38 signaling","none","GDSC1","494","SANGER","495"
"1050","ZM447439","ZM-447439, ZM 447439","AURKA, AURKB","Mitosis","9914412","GDSC1","947","SANGER","495"
"1050","ZM447439","ZM-447439, ZM 447439","AURKA, AURKB","Mitosis","9914412","GDSC2","48","SANGER","495"
"223","ZSTK474","KIN001-167, ZSTK-474, ZSTK 474","PI3K (class 1)","PI3K/MTOR signaling","11647372","GDSC1","917","MGH","495"
"266","Zibotentan","ZD4054, ZD-4054","Endothelin-1 receptor (EDNRA)","Other","9910224","GDSC1","918","MGH","495"
"1802","Zoledronate","Zoledronic acid, Zometa, Reclast","","Unclassified","","GDSC2","728","SANGER","495"
"409","eEF2K Inhibitor, A-484954","","eEF2K","Other, kinases","","GDSC1","922","MGH","495"
"407","kb NB 142-70","","PKD","Other, kinases","","GDSC1","925","MGH","495"
"1261","rTRAIL","","TRAIL receptor agonist","Apoptosis regulation","none","GDSC1","918","SANGER","495"